meta_code,class_name,strict_attauc_mean,strict_attauc_std,lenient_attauc_mean,lenient_attauc_std,strict_f1_mean,strict_f1_std,lenient_f1_mean,lenient_f1_std,deletion_auc_mean,deletion_auc_std,n_tokens_mean,n_tokens_std
164889003,atrial fibrillation,0.889651965902964,0.02878299528936283,0.6130211852405424,0.036702624318968965,0.5994693478564447,0.039909913627549774,0.8000000000000002,0.0,0.28641659319400786,0.009869440715063908,172.0,27.712812921102035
