meta_code,class_name,sel_idx,mat_path,seed,augment_beat_index,augmented_file,extra_spearman,extra_jaccard,extra_rbo,extra_wjacc,extra_k_eff
164889003,atrial fibrillation,0,c:\UHull\ecg-xai\data\sample\A0003.mat,2374036356,12,c:\UHull\ecg-xai\outputs\extra_beat_aug\A0003\A0003_extra_seed2374036356_beat12.mat,0.9173285557116951,0.48148148148148145,0.17198604586292596,0.9075742110563355,20.0
164889003,atrial fibrillation,16,c:\UHull\ecg-xai\data\sample\A2643.mat,937728981,12,c:\UHull\ecg-xai\outputs\extra_beat_aug\A2643\A2643_extra_seed937728981_beat12.mat,0.9281493063580248,0.5238095238095238,0.48600028459982514,0.9518391119373305,16.0
164889003,atrial fibrillation,19,c:\UHull\ecg-xai\data\sample\A2978.mat,820553859,13,c:\UHull\ecg-xai\outputs\extra_beat_aug\A2978\A2978_extra_seed820553859_beat13.mat,0.8968387312687693,0.42857142857142855,0.19984886760296922,0.9415503685444054,20.0
426783006,sinus rhythm,79,c:\UHull\ecg-xai\data\sample\HR02806.mat,4276192703,8,c:\UHull\ecg-xai\outputs\extra_beat_aug\HR02806\HR02806_extra_seed4276192703_beat8.mat,0.9899323837197804,1.0,0.5411851131272727,0.9827723570546267,11.0
426783006,sinus rhythm,89,c:\UHull\ecg-xai\data\sample\HR03482.mat,3963145208,2,c:\UHull\ecg-xai\outputs\extra_beat_aug\HR03482\HR03482_extra_seed3963145208_beat2.mat,0.911377700030356,0.24,0.419646076531422,0.9437694709877466,18.0
426783006,sinus rhythm,90,c:\UHull\ecg-xai\data\sample\HR03494.mat,2820992509,3,c:\UHull\ecg-xai\outputs\extra_beat_aug\HR03494\HR03494_extra_seed2820992509_beat3.mat,0.8868914829210988,1.0,0.06893318399142856,0.9695882166740111,10.0
