meta_code,class_name,sel_idx,mat_path,method,strict_attauc,lenient_attauc,precision_k,strict_p_at_k,lenient_p_at_k,deletion_auc,faithfulness_gain,n_tokens
164889003,atrial fibrillation,3954,C:\UHull\Data\Training_WFDB\A0850.mat,LIME+TimeSHAP,0.8815217391304347,0.6168182892249527,20,0.5,0.8,0.29913881719112395,0.0027952194213867188,276
164889003,atrial fibrillation,7920,C:\UHull\Data\Training_WFDB\A4816.mat,LIME+TimeSHAP,0.857396449704142,0.6499630177514792,20,0.35,1.0,0.2860587820410728,0.012179911136627197,156
164889003,atrial fibrillation,8285,C:\UHull\Data\Training_WFDB\A5181.mat,LIME+TimeSHAP,0.9084593572778829,0.6618620037807184,20,0.65,1.0,0.23306985348463058,0.18672533333301544,276
426783006,sinus rhythm,9042,C:\UHull\Data\WFDB\HR00120.mat,LIME+TimeSHAP,0.8425,1.0,20,0.35,1.0,0.2945916071534157,0.0032494962215423584,120
426783006,sinus rhythm,11786,C:\UHull\Data\WFDB\HR02864.mat,LIME+TimeSHAP,0.8473140495867768,1.0,20,0.3,1.0,0.2966821283102036,0.002256244421005249,132
426783006,sinus rhythm,12105,C:\UHull\Data\WFDB\HR03183.mat,LIME+TimeSHAP,0.8701183431952663,1.0,20,0.4,1.0,0.29488103240728375,0.003957614302635193,156
