meta_code,class_name,sel_idx,mat_path,method,strict_attauc,lenient_attauc,precision_k,strict_p_at_k,lenient_p_at_k,deletion_auc,faithfulness_gain,n_tokens
164889003,atrial fibrillation,0,c:\UHull\ecg-xai\data\sample\A0003.mat,LIME+TimeSHAP,0.9164,0.69465,20,0.7,1.0,0.27758844941854477,-0.00040258467197418213,300
164889003,atrial fibrillation,16,c:\UHull\ecg-xai\data\sample\A2643.mat,LIME+TimeSHAP,0.8603732638888889,0.689453125,20,0.45,1.0,0.2925665780901909,0.02335663139820099,288
164889003,atrial fibrillation,19,c:\UHull\ecg-xai\data\sample\A2978.mat,LIME+TimeSHAP,0.865363511659808,0.64184670781893,20,0.35,1.0,0.2327849417924881,0.23130948841571808,324
426783006,sinus rhythm,79,c:\UHull\ecg-xai\data\sample\HR02806.mat,LIME+TimeSHAP,0.822,1.0,20,0.3,1.0,0.29067198038101194,0.009248405694961548,120
426783006,sinus rhythm,89,c:\UHull\ecg-xai\data\sample\HR03482.mat,LIME+TimeSHAP,0.8567777777777777,1.0,20,0.45,1.0,0.2906009629368782,0.006553560495376587,180
426783006,sinus rhythm,90,c:\UHull\ecg-xai\data\sample\HR03494.mat,LIME+TimeSHAP,0.8727810650887574,1.0,20,0.4,1.0,0.26904854029417036,0.01528497040271759,156
