group_class,variant,strict_attauc,lenient_attauc,strict_p_at_k,lenient_p_at_k,deletion_auc,faithfulness_gain
164889003,LIME (priors off),0.6205411836638252,0.5852989291556283,0.47100000000000003,0.919,0.26754336662590505,0.08133246302604676
426783006,LIME (priors off),0.513140836755818,0.5577343508049871,0.146,0.5,0.2806537006497383,0.0063174661993980405
164889003,TimeSHAP (priors off),0.6046084000236899,0.5813770600233792,0.434,0.9109999999999999,0.26425702041387555,0.09367264956235885
426783006,TimeSHAP (priors off),0.5410896202901899,0.5111391159737257,0.2,0.335,0.2806399500966072,0.0061261171102523805
164889003,Fusion (priors off),0.6178452119595198,0.6114375434517875,0.3,0.862,0.2645199941247702,0.09284278832376003
426783006,Fusion (priors off),0.5386095167390911,0.5491198284657686,0.201,0.51,0.280246402233839,0.007555122673511505
164889003,Fusion (priors on),0.8658543376236648,0.668023461764075,0.45,0.9009999999999999,0.2645199941247702,0.09284278832376003
426783006,Fusion (priors on),0.8519293777433447,1.0,0.34299999999999997,1.0,0.280246402233839,0.007555122673511505
